grad_y.at<float>(0,0) = 0
grad_x.at<float>(0,0) = 0
grad_y.at<float>(0,1) = 0
grad_x.at<float>(0,1) = 0
grad_y.at<float>(0,2) = 0
grad_x.at<float>(0,2) = -510
grad_y.at<float>(0,3) = 0
grad_x.at<float>(0,3) = 0
grad_y.at<float>(0,4) = 0
grad_x.at<float>(0,4) = 510
grad_y.at<float>(0,5) = 0
grad_x.at<float>(0,5) = -510
grad_y.at<float>(0,6) = 0
grad_x.at<float>(0,6) = -510
grad_y.at<float>(0,7) = 0
grad_x.at<float>(0,7) = 0
grad_y.at<float>(0,8) = 0
grad_x.at<float>(0,8) = 0
grad_y.at<float>(0,9) = 0
grad_x.at<float>(0,9) = 0
grad_y.at<float>(0,10) = 0
grad_x.at<float>(0,10) = 0
grad_y.at<float>(0,11) = 0
grad_x.at<float>(0,11) = 0
grad_y.at<float>(0,12) = 0
grad_x.at<float>(0,12) = 0
grad_y.at<float>(0,13) = 0
grad_x.at<float>(0,13) = 0
grad_y.at<float>(0,14) = 0
grad_x.at<float>(0,14) = 0
grad_y.at<float>(0,15) = 0
grad_x.at<float>(0,15) = 0
grad_y.at<float>(0,16) = 0
grad_x.at<float>(0,16) = 0
grad_y.at<float>(0,17) = 0
grad_x.at<float>(0,17) = 0
grad_y.at<float>(0,18) = 0
grad_x.at<float>(0,18) = 0
grad_y.at<float>(0,19) = 0
grad_x.at<float>(0,19) = 0
grad_y.at<float>(0,20) = 0
grad_x.at<float>(0,20) = 0
grad_y.at<float>(0,21) = 0
grad_x.at<float>(0,21) = 0
grad_y.at<float>(0,22) = 0
grad_x.at<float>(0,22) = 0
grad_y.at<float>(0,23) = 0
grad_x.at<float>(0,23) = 0
grad_y.at<float>(0,24) = 0
grad_x.at<float>(0,24) = 0
grad_y.at<float>(0,25) = 0
grad_x.at<float>(0,25) = 0
grad_y.at<float>(0,26) = 0
grad_x.at<float>(0,26) = 0
grad_y.at<float>(0,27) = 0
grad_x.at<float>(0,27) = 0
grad_y.at<float>(0,28) = 0
grad_x.at<float>(0,28) = 0
grad_y.at<float>(0,29) = 0
grad_x.at<float>(0,29) = 0
grad_y.at<float>(0,30) = 0
grad_x.at<float>(0,30) = 0
grad_y.at<float>(0,31) = 0
grad_x.at<float>(0,31) = 0
grad_y.at<float>(0,32) = 0
grad_x.at<float>(0,32) = 0
grad_y.at<float>(0,33) = 0
grad_x.at<float>(0,33) = 0
grad_y.at<float>(0,34) = 0
grad_x.at<float>(0,34) = 0
grad_y.at<float>(0,35) = 0
grad_x.at<float>(0,35) = 0
grad_y.at<float>(0,36) = 0
grad_x.at<float>(0,36) = 0
grad_y.at<float>(0,37) = 0
grad_x.at<float>(0,37) = 0
grad_y.at<float>(0,38) = 0
grad_x.at<float>(0,38) = 0
grad_y.at<float>(0,39) = 0
grad_x.at<float>(0,39) = 0
grad_y.at<float>(0,40) = 0
grad_x.at<float>(0,40) = 0
grad_y.at<float>(0,41) = 0
grad_x.at<float>(0,41) = 0
grad_y.at<float>(0,42) = 0
grad_x.at<float>(0,42) = 0
grad_y.at<float>(0,43) = 0
grad_x.at<float>(0,43) = 0
grad_y.at<float>(0,44) = 0
grad_x.at<float>(0,44) = 0
grad_y.at<float>(0,45) = 0
grad_x.at<float>(0,45) = 0
grad_y.at<float>(0,46) = 0
grad_x.at<float>(0,46) = 0
grad_y.at<float>(0,47) = 0
grad_x.at<float>(0,47) = 0
grad_y.at<float>(0,48) = 0
grad_x.at<float>(0,48) = 0
grad_y.at<float>(0,49) = 0
grad_x.at<float>(0,49) = 0
grad_y.at<float>(0,50) = 0
grad_x.at<float>(0,50) = 0
grad_y.at<float>(0,51) = 0
grad_x.at<float>(0,51) = 0
grad_y.at<float>(0,52) = 0
grad_x.at<float>(0,52) = 0
grad_y.at<float>(0,53) = 0
grad_x.at<float>(0,53) = 0
grad_y.at<float>(0,54) = 0
grad_x.at<float>(0,54) = 0
grad_y.at<float>(0,55) = 0
grad_x.at<float>(0,55) = 0
grad_y.at<float>(0,56) = 0
grad_x.at<float>(0,56) = 0
grad_y.at<float>(0,57) = 0
grad_x.at<float>(0,57) = 0
grad_y.at<float>(0,58) = 0
grad_x.at<float>(0,58) = 0
grad_y.at<float>(0,59) = 0
grad_x.at<float>(0,59) = 0
grad_y.at<float>(0,60) = 0
grad_x.at<float>(0,60) = 0
grad_y.at<float>(0,61) = 0
grad_x.at<float>(0,61) = 0
grad_y.at<float>(0,62) = 0
grad_x.at<float>(0,62) = 0
grad_y.at<float>(0,63) = 0
grad_x.at<float>(0,63) = 0
grad_y.at<float>(0,64) = 0
grad_x.at<float>(0,64) = 0
grad_y.at<float>(0,65) = 0
grad_x.at<float>(0,65) = 0
grad_y.at<float>(0,66) = 0
grad_x.at<float>(0,66) = 0
grad_y.at<float>(0,67) = 0
grad_x.at<float>(0,67) = 0
grad_y.at<float>(0,68) = 0
grad_x.at<float>(0,68) = 0
grad_y.at<float>(0,69) = 0
grad_x.at<float>(0,69) = 0
grad_y.at<float>(0,70) = 0
grad_x.at<float>(0,70) = 0
grad_y.at<float>(0,71) = 0
grad_x.at<float>(0,71) = 0
grad_y.at<float>(0,72) = 0
grad_x.at<float>(0,72) = 0
grad_y.at<float>(0,73) = 0
grad_x.at<float>(0,73) = 0
grad_y.at<float>(0,74) = 0
grad_x.at<float>(0,74) = 0
grad_y.at<float>(0,75) = 0
grad_x.at<float>(0,75) = 0
grad_y.at<float>(0,76) = 0
grad_x.at<float>(0,76) = 0
grad_y.at<float>(0,77) = 0
grad_x.at<float>(0,77) = 0
grad_y.at<float>(0,78) = 0
grad_x.at<float>(0,78) = 0
grad_y.at<float>(0,79) = 0
grad_x.at<float>(0,79) = 0
grad_y.at<float>(0,80) = 0
grad_x.at<float>(0,80) = 0
grad_y.at<float>(0,81) = 0
grad_x.at<float>(0,81) = 0
grad_y.at<float>(0,82) = 0
grad_x.at<float>(0,82) = 0
grad_y.at<float>(0,83) = 0
grad_x.at<float>(0,83) = 0
grad_y.at<float>(0,84) = 0
grad_x.at<float>(0,84) = 0
grad_y.at<float>(0,85) = 0
grad_x.at<float>(0,85) = 0
grad_y.at<float>(0,86) = 0
grad_x.at<float>(0,86) = 0
grad_y.at<float>(0,87) = 0
grad_x.at<float>(0,87) = 0
grad_y.at<float>(0,88) = 0
grad_x.at<float>(0,88) = 0
grad_y.at<float>(0,89) = 0
grad_x.at<float>(0,89) = 0
grad_y.at<float>(0,90) = 0
grad_x.at<float>(0,90) = 0
grad_y.at<float>(0,91) = 0
grad_x.at<float>(0,91) = 0
grad_y.at<float>(0,92) = 0
grad_x.at<float>(0,92) = 0
grad_y.at<float>(0,93) = 0
grad_x.at<float>(0,93) = 0
grad_y.at<float>(0,94) = 0
grad_x.at<float>(0,94) = 0
grad_y.at<float>(0,95) = 0
grad_x.at<float>(0,95) = 0
grad_y.at<float>(0,96) = 0
grad_x.at<float>(0,96) = 0
grad_y.at<float>(0,97) = 0
grad_x.at<float>(0,97) = 0
grad_y.at<float>(0,98) = 0
grad_x.at<float>(0,98) = 0
grad_y.at<float>(0,99) = 0
grad_x.at<float>(0,99) = 0
grad_y.at<float>(0,100) = 0
grad_x.at<float>(0,100) = 0
grad_y.at<float>(0,101) = 0
grad_x.at<float>(0,101) = 0
grad_y.at<float>(0,102) = 0
grad_x.at<float>(0,102) = 0
grad_y.at<float>(0,103) = 0
grad_x.at<float>(0,103) = 0
grad_y.at<float>(0,104) = 0
grad_x.at<float>(0,104) = 0
grad_y.at<float>(0,105) = 0
grad_x.at<float>(0,105) = 0
grad_y.at<float>(0,106) = 0
grad_x.at<float>(0,106) = 0
grad_y.at<float>(0,107) = 0
grad_x.at<float>(0,107) = 0
grad_y.at<float>(0,108) = 0
grad_x.at<float>(0,108) = 0
grad_y.at<float>(0,109) = 0
grad_x.at<float>(0,109) = 0
grad_y.at<float>(0,110) = 0
grad_x.at<float>(0,110) = 0
grad_y.at<float>(0,111) = 0
grad_x.at<float>(0,111) = 0
grad_y.at<float>(0,112) = 0
grad_x.at<float>(0,112) = 0
grad_y.at<float>(0,113) = 0
grad_x.at<float>(0,113) = 0
grad_y.at<float>(0,114) = 0
grad_x.at<float>(0,114) = 0
grad_y.at<float>(0,115) = 0
grad_x.at<float>(0,115) = 0
grad_y.at<float>(0,116) = 0
grad_x.at<float>(0,116) = 0
grad_y.at<float>(0,117) = 0
grad_x.at<float>(0,117) = 0
grad_y.at<float>(0,118) = 0
grad_x.at<float>(0,118) = 0
grad_y.at<float>(0,119) = 0
grad_x.at<float>(0,119) = 0
grad_y.at<float>(0,120) = 0
grad_x.at<float>(0,120) = 0
grad_y.at<float>(0,121) = 0
grad_x.at<float>(0,121) = 0
grad_y.at<float>(0,122) = 0
grad_x.at<float>(0,122) = 0
grad_y.at<float>(0,123) = 0
grad_x.at<float>(0,123) = 0
grad_y.at<float>(0,124) = 0
grad_x.at<float>(0,124) = 0
grad_y.at<float>(0,125) = 0
grad_x.at<float>(0,125) = 0
grad_y.at<float>(0,126) = 0
grad_x.at<float>(0,126) = 0
grad_y.at<float>(0,127) = 0
grad_x.at<float>(0,127) = 0
grad_y.at<float>(0,128) = 0
grad_x.at<float>(0,128) = 0
grad_y.at<float>(0,129) = 0
grad_x.at<float>(0,129) = 0
grad_y.at<float>(0,130) = 0
grad_x.at<float>(0,130) = 0
grad_y.at<float>(0,131) = 0
grad_x.at<float>(0,131) = 0
grad_y.at<float>(0,132) = 0
grad_x.at<float>(0,132) = 0
grad_y.at<float>(0,133) = 0
grad_x.at<float>(0,133) = 0
grad_y.at<float>(0,134) = 0
grad_x.at<float>(0,134) = 0
grad_y.at<float>(0,135) = 0
grad_x.at<float>(0,135) = 0
grad_y.at<float>(0,136) = 0
grad_x.at<float>(0,136) = 0
grad_y.at<float>(0,137) = 0
grad_x.at<float>(0,137) = 0
grad_y.at<float>(0,138) = 0
grad_x.at<float>(0,138) = 0
grad_y.at<float>(0,139) = 0
grad_x.at<float>(0,139) = 0
grad_y.at<float>(0,140) = 0
grad_x.at<float>(0,140) = 0
grad_y.at<float>(0,141) = 0
grad_x.at<float>(0,141) = 0
grad_y.at<float>(0,142) = 0
grad_x.at<float>(0,142) = 0
grad_y.at<float>(0,143) = 0
grad_x.at<float>(0,143) = 0
grad_y.at<float>(0,144) = 0
grad_x.at<float>(0,144) = 0
grad_y.at<float>(0,145) = 0
grad_x.at<float>(0,145) = 0
grad_y.at<float>(0,146) = 0
grad_x.at<float>(0,146) = 0
grad_y.at<float>(0,147) = 0
grad_x.at<float>(0,147) = 0
grad_y.at<float>(0,148) = 0
grad_x.at<float>(0,148) = 0
grad_y.at<float>(0,149) = 0
grad_x.at<float>(0,149) = 0
grad_y.at<float>(0,150) = 0
grad_x.at<float>(0,150) = 0
grad_y.at<float>(0,151) = 0
grad_x.at<float>(0,151) = 0
grad_y.at<float>(0,152) = 0
grad_x.at<float>(0,152) = 0
grad_y.at<float>(0,153) = 0
grad_x.at<float>(0,153) = 0
grad_y.at<float>(0,154) = 0
grad_x.at<float>(0,154) = 0
grad_y.at<float>(0,155) = 0
grad_x.at<float>(0,155) = 0
grad_y.at<float>(0,156) = 0
grad_x.at<float>(0,156) = 0
grad_y.at<float>(0,157) = 0
grad_x.at<float>(0,157) = 0
grad_y.at<float>(0,158) = 0
grad_x.at<float>(0,158) = 0
grad_y.at<float>(0,159) = 0
grad_x.at<float>(0,159) = 0
grad_y.at<float>(0,160) = 0
grad_x.at<float>(0,160) = 0
grad_y.at<float>(0,161) = 0
grad_x.at<float>(0,161) = 0
grad_y.at<float>(0,162) = 0
grad_x.at<float>(0,162) = 0
grad_y.at<float>(0,163) = 0
grad_x.at<float>(0,163) = 0
grad_y.at<float>(0,164) = 0
grad_x.at<float>(0,164) = 0
grad_y.at<float>(0,165) = 0
grad_x.at<float>(0,165) = 0
grad_y.at<float>(0,166) = 0
grad_x.at<float>(0,166) = 0
grad_y.at<float>(0,167) = 0
grad_x.at<float>(0,167) = 0
grad_y.at<float>(0,168) = 0
grad_x.at<float>(0,168) = 0
grad_y.at<float>(0,169) = 0
grad_x.at<float>(0,169) = 0
grad_y.at<float>(0,170) = 0
grad_x.at<float>(0,170) = 0
grad_y.at<float>(0,171) = 0
grad_x.at<float>(0,171) = 0
grad_y.at<float>(0,172) = 0
grad_x.at<float>(0,172) = 0
grad_y.at<float>(0,173) = 0
grad_x.at<float>(0,173) = 0
grad_y.at<float>(0,174) = 0
grad_x.at<float>(0,174) = 0
grad_y.at<float>(0,175) = 0
grad_x.at<float>(0,175) = 0
grad_y.at<float>(0,176) = 0
grad_x.at<float>(0,176) = 0
grad_y.at<float>(0,177) = 0
grad_x.at<float>(0,177) = 0
grad_y.at<float>(0,178) = 0
grad_x.at<float>(0,178) = 0
grad_y.at<float>(0,179) = 0
grad_x.at<float>(0,179) = 0
grad_y.at<float>(0,180) = 0
grad_x.at<float>(0,180) = 0
grad_y.at<float>(0,181) = 0
grad_x.at<float>(0,181) = 0
grad_y.at<float>(0,182) = 0
grad_x.at<float>(0,182) = 0
grad_y.at<float>(0,183) = 0
grad_x.at<float>(0,183) = 0
grad_y.at<float>(0,184) = 0
grad_x.at<float>(0,184) = 0
grad_y.at<float>(0,185) = 0
grad_x.at<float>(0,185) = 0
grad_y.at<float>(0,186) = 0
grad_x.at<float>(0,186) = 0
grad_y.at<float>(0,187) = 0
grad_x.at<float>(0,187) = 0
grad_y.at<float>(0,188) = 0
grad_x.at<float>(0,188) = 0
grad_y.at<float>(0,189) = 0
grad_x.at<float>(0,189) = 0
grad_y.at<float>(0,190) = 0
grad_x.at<float>(0,190) = 0
grad_y.at<float>(0,191) = 0
grad_x.at<float>(0,191) = 0
grad_y.at<float>(0,192) = 0
grad_x.at<float>(0,192) = 0
grad_y.at<float>(0,193) = 0
grad_x.at<float>(0,193) = 0
grad_y.at<float>(0,194) = 0
grad_x.at<float>(0,194) = 0
grad_y.at<float>(0,195) = 0
grad_x.at<float>(0,195) = 0
grad_y.at<float>(0,196) = 0
grad_x.at<float>(0,196) = 0
grad_y.at<float>(0,197) = 0
grad_x.at<float>(0,197) = 0
grad_y.at<float>(0,198) = 0
grad_x.at<float>(0,198) = 0
grad_y.at<float>(0,199) = 0
grad_x.at<float>(0,199) = 0
grad_y.at<float>(0,200) = 0
grad_x.at<float>(0,200) = 0
grad_y.at<float>(0,201) = 0
grad_x.at<float>(0,201) = 0
grad_y.at<float>(0,202) = 0
grad_x.at<float>(0,202) = 0
grad_y.at<float>(0,203) = 0
grad_x.at<float>(0,203) = 0
grad_y.at<float>(0,204) = 0
grad_x.at<float>(0,204) = 0
grad_y.at<float>(0,205) = 0
grad_x.at<float>(0,205) = 0
grad_y.at<float>(0,206) = 0
grad_x.at<float>(0,206) = 0
grad_y.at<float>(0,207) = 0
grad_x.at<float>(0,207) = 0
grad_y.at<float>(0,208) = 0
grad_x.at<float>(0,208) = 0
grad_y.at<float>(0,209) = 0
grad_x.at<float>(0,209) = 0
grad_y.at<float>(0,210) = 0
grad_x.at<float>(0,210) = 0
grad_y.at<float>(0,211) = 0
grad_x.at<float>(0,211) = 0
grad_y.at<float>(0,212) = 0
grad_x.at<float>(0,212) = 0
grad_y.at<float>(0,213) = 0
grad_x.at<float>(0,213) = 0
grad_y.at<float>(0,214) = 0
grad_x.at<float>(0,214) = 0
grad_y.at<float>(0,215) = 0
grad_x.at<float>(0,215) = 0
grad_y.at<float>(0,216) = 0
grad_x.at<float>(0,216) = 0
grad_y.at<float>(0,217) = 0
grad_x.at<float>(0,217) = 0
grad_y.at<float>(0,218) = 0
grad_x.at<float>(0,218) = 0
grad_y.at<float>(0,219) = 0
grad_x.at<float>(0,219) = 0
grad_y.at<float>(0,220) = 0
grad_x.at<float>(0,220) = 0
grad_y.at<float>(0,221) = 0
grad_x.at<float>(0,221) = 0
grad_y.at<float>(0,222) = 0
grad_x.at<float>(0,222) = 0
grad_y.at<float>(0,223) = 0
grad_x.at<float>(0,223) = 0
grad_y.at<float>(0,224) = 0
grad_x.at<float>(0,224) = 0
grad_y.at<float>(0,225) = 0
grad_x.at<float>(0,225) = 0
grad_y.at<float>(0,226) = 0
grad_x.at<float>(0,226) = 0
grad_y.at<float>(0,227) = 0
grad_x.at<float>(0,227) = 0
grad_y.at<float>(0,228) = 0
grad_x.at<float>(0,228) = 0
grad_y.at<float>(0,229) = 0
grad_x.at<float>(0,229) = 0
grad_y.at<float>(0,230) = 0
grad_x.at<float>(0,230) = 0
grad_y.at<float>(0,231) = 0
grad_x.at<float>(0,231) = 0
grad_y.at<float>(0,232) = 0
grad_x.at<float>(0,232) = 0
grad_y.at<float>(0,233) = 0
grad_x.at<float>(0,233) = 0
grad_y.at<float>(0,234) = 0
grad_x.at<float>(0,234) = 0
grad_y.at<float>(0,235) = 0
grad_x.at<float>(0,235) = 0
grad_y.at<float>(0,236) = 0
grad_x.at<float>(0,236) = 0
grad_y.at<float>(0,237) = 0
grad_x.at<float>(0,237) = 0
grad_y.at<float>(0,238) = 0
grad_x.at<float>(0,238) = 0
grad_y.at<float>(0,239) = 0
grad_x.at<float>(0,239) = 0
grad_y.at<float>(0,240) = 0
grad_x.at<float>(0,240) = 0
grad_y.at<float>(0,241) = 0
grad_x.at<float>(0,241) = 0
grad_y.at<float>(0,242) = 0
grad_x.at<float>(0,242) = 0
grad_y.at<float>(0,243) = 0
grad_x.at<float>(0,243) = 0
grad_y.at<float>(0,244) = 0
grad_x.at<float>(0,244) = 0
grad_y.at<float>(0,245) = 0
grad_x.at<float>(0,245) = 0
grad_y.at<float>(0,246) = 0
grad_x.at<float>(0,246) = 0
grad_y.at<float>(0,247) = 0
grad_x.at<float>(0,247) = 0
grad_y.at<float>(0,248) = 0
grad_x.at<float>(0,248) = 0
grad_y.at<float>(0,249) = 0
grad_x.at<float>(0,249) = 0
grad_y.at<float>(0,250) = 0
grad_x.at<float>(0,250) = 0
grad_y.at<float>(0,251) = 0
grad_x.at<float>(0,251) = 0
grad_y.at<float>(0,252) = 0
grad_x.at<float>(0,252) = 0
grad_y.at<float>(0,253) = 0
grad_x.at<float>(0,253) = 0
grad_y.at<float>(0,254) = 0
grad_x.at<float>(0,254) = 0
grad_y.at<float>(0,255) = 0
grad_x.at<float>(0,255) = 0
grad_y.at<float>(0,256) = 0
grad_x.at<float>(0,256) = 0
grad_y.at<float>(0,257) = 0
grad_x.at<float>(0,257) = 0
grad_y.at<float>(0,258) = 0
grad_x.at<float>(0,258) = 0
grad_y.at<float>(0,259) = 0
grad_x.at<float>(0,259) = 0
grad_y.at<float>(0,260) = 0
grad_x.at<float>(0,260) = 0
grad_y.at<float>(0,261) = 0
grad_x.at<float>(0,261) = 0
grad_y.at<float>(0,262) = 0
grad_x.at<float>(0,262) = 0
grad_y.at<float>(0,263) = 0
grad_x.at<float>(0,263) = 0
grad_y.at<float>(0,264) = 0
grad_x.at<float>(0,264) = 0
grad_y.at<float>(0,265) = 0
grad_x.at<float>(0,265) = 0
grad_y.at<float>(0,266) = 0
grad_x.at<float>(0,266) = 0
grad_y.at<float>(0,267) = 0
grad_x.at<float>(0,267) = 0
grad_y.at<float>(0,268) = 0
grad_x.at<float>(0,268) = 0
grad_y.at<float>(0,269) = 0
grad_x.at<float>(0,269) = 0
grad_y.at<float>(0,270) = 0
grad_x.at<float>(0,270) = 0
grad_y.at<float>(0,271) = 0
grad_x.at<float>(0,271) = 0
grad_y.at<float>(0,272) = 0
grad_x.at<float>(0,272) = 0
grad_y.at<float>(0,273) = 0
grad_x.at<float>(0,273) = 0
grad_y.at<float>(0,274) = 0
grad_x.at<float>(0,274) = 0
grad_y.at<float>(0,275) = 0
grad_x.at<float>(0,275) = 0
grad_y.at<float>(0,276) = 0
grad_x.at<float>(0,276) = 0
grad_y.at<float>(0,277) = 0
grad_x.at<float>(0,277) = 0
grad_y.at<float>(0,278) = 0
grad_x.at<float>(0,278) = 0
grad_y.at<float>(0,279) = 0
grad_x.at<float>(0,279) = 0
grad_y.at<float>(0,280) = 0
grad_x.at<float>(0,280) = 0
grad_y.at<float>(0,281) = 0
grad_x.at<float>(0,281) = 0
grad_y.at<float>(0,282) = 0
grad_x.at<float>(0,282) = 0
grad_y.at<float>(0,283) = 0
grad_x.at<float>(0,283) = 0
grad_y.at<float>(0,284) = 0
grad_x.at<float>(0,284) = 0
grad_y.at<float>(0,285) = 0
grad_x.at<float>(0,285) = 0
grad_y.at<float>(0,286) = 0
grad_x.at<float>(0,286) = 0
grad_y.at<float>(0,287) = 0
grad_x.at<float>(0,287) = 0
grad_y.at<float>(0,288) = 0
grad_x.at<float>(0,288) = 0
grad_y.at<float>(0,289) = 0
grad_x.at<float>(0,289) = 0
grad_y.at<float>(0,290) = 0
grad_x.at<float>(0,290) = 0
grad_y.at<float>(0,291) = 0
grad_x.at<float>(0,291) = 0
grad_y.at<float>(0,292) = 0
grad_x.at<float>(0,292) = 0
grad_y.at<float>(0,293) = 0
grad_x.at<float>(0,293) = 0
grad_y.at<float>(0,294) = 0
grad_x.at<float>(0,294) = 0
grad_y.at<float>(0,295) = 0
grad_x.at<float>(0,295) = 0
grad_y.at<float>(0,296) = 0
grad_x.at<float>(0,296) = 0
grad_y.at<float>(0,297) = 0
grad_x.at<float>(0,297) = 0
grad_y.at<float>(0,298) = 0
grad_x.at<float>(0,298) = 0
grad_y.at<float>(0,299) = 0
grad_x.at<float>(0,299) = 0
grad_y.at<float>(0,300) = 0
grad_x.at<float>(0,300) = 0
grad_y.at<float>(0,301) = 0
grad_x.at<float>(0,301) = 0
grad_y.at<float>(0,302) = 0
grad_x.at<float>(0,302) = 0
grad_y.at<float>(0,303) = 0
grad_x.at<float>(0,303) = 0
grad_y.at<float>(0,304) = 0
grad_x.at<float>(0,304) = 0
grad_y.at<float>(0,305) = 0
grad_x.at<float>(0,305) = 0
grad_y.at<float>(0,306) = 0
grad_x.at<float>(0,306) = 0
grad_y.at<float>(0,307) = 0
grad_x.at<float>(0,307) = 0
grad_y.at<float>(0,308) = 0
grad_x.at<float>(0,308) = 0
grad_y.at<float>(0,309) = 0
grad_x.at<float>(0,309) = 0
grad_y.at<float>(0,310) = 0
grad_x.at<float>(0,310) = 0
grad_y.at<float>(0,311) = 0
grad_x.at<float>(0,311) = 0
grad_y.at<float>(0,312) = 0
grad_x.at<float>(0,312) = 0
grad_y.at<float>(0,313) = 0
grad_x.at<float>(0,313) = 0
grad_y.at<float>(0,314) = 0
grad_x.at<float>(0,314) = 0
grad_y.at<float>(0,315) = 0
grad_x.at<float>(0,315) = 0
grad_y.at<float>(0,316) = 0
grad_x.at<float>(0,316) = 0
grad_y.at<float>(0,317) = 0
grad_x.at<float>(0,317) = 0
grad_y.at<float>(0,318) = 0
grad_x.at<float>(0,318) = 0
grad_y.at<float>(0,319) = 0
grad_x.at<float>(0,319) = 0
grad_y.at<float>(0,320) = 0
grad_x.at<float>(0,320) = 0
grad_y.at<float>(0,321) = 0
grad_x.at<float>(0,321) = 0
grad_y.at<float>(0,322) = 0
grad_x.at<float>(0,322) = 0
grad_y.at<float>(0,323) = 0
grad_x.at<float>(0,323) = 0
grad_y.at<float>(0,324) = 0
grad_x.at<float>(0,324) = 0
grad_y.at<float>(0,325) = 0
grad_x.at<float>(0,325) = 0
grad_y.at<float>(0,326) = 0
grad_x.at<float>(0,326) = 0
grad_y.at<float>(0,327) = 0
grad_x.at<float>(0,327) = 0
grad_y.at<float>(0,328) = 0
grad_x.at<float>(0,328) = 0
grad_y.at<float>(0,329) = 0
grad_x.at<float>(0,329) = 0
grad_y.at<float>(0,330) = 0
grad_x.at<float>(0,330) = 0
grad_y.at<float>(0,331) = 0
grad_x.at<float>(0,331) = 0
grad_y.at<float>(0,332) = 0
grad_x.at<float>(0,332) = 0
grad_y.at<float>(0,333) = 0
grad_x.at<float>(0,333) = 0
grad_y.at<float>(0,334) = 0
grad_x.at<float>(0,334) = 0
grad_y.at<float>(0,335) = 0
grad_x.at<float>(0,335) = 0
grad_y.at<float>(0,336) = 0
grad_x.at<float>(0,336) = 0
grad_y.at<float>(0,337) = 0
grad_x.at<float>(0,337) = 0
grad_y.at<float>(0,338) = 0
grad_x.at<float>(0,338) = 0
grad_y.at<float>(0,339) = 0
grad_x.at<float>(0,339) = 0
grad_y.at<float>(0,340) = 0
grad_x.at<float>(0,340) = 0
grad_y.at<float>(0,341) = 0
grad_x.at<float>(0,341) = 0
grad_y.at<float>(0,342) = 0
grad_x.at<float>(0,342) = 0
grad_y.at<float>(0,343) = 0
grad_x.at<float>(0,343) = 0
grad_y.at<float>(0,344) = 0
grad_x.at<float>(0,344) = 0
grad_y.at<float>(0,345) = 0
grad_x.at<float>(0,345) = 0
grad_y.at<float>(0,346) = 0
grad_x.at<float>(0,346) = 0
grad_y.at<float>(0,347) = 0
grad_x.at<float>(0,347) = 0
grad_y.at<float>(0,348) = 0
grad_x.at<float>(0,348) = 0
grad_y.at<float>(0,349) = 0
grad_x.at<float>(0,349) = 0
grad_y.at<float>(0,350) = 0
grad_x.at<float>(0,350) = 0
grad_y.at<float>(0,351) = 0
grad_x.at<float>(0,351) = 0
grad_y.at<float>(0,352) = 0
grad_x.at<float>(0,352) = 0
grad_y.at<float>(0,353) = 0
grad_x.at<float>(0,353) = 0
grad_y.at<float>(0,354) = 0
grad_x.at<float>(0,354) = 0
grad_y.at<float>(0,355) = 0
grad_x.at<float>(0,355) = 0
grad_y.at<float>(0,356) = 0
grad_x.at<float>(0,356) = 0
grad_y.at<float>(0,357) = 0
grad_x.at<float>(0,357) = 0
grad_y.at<float>(0,358) = 0
grad_x.at<float>(0,358) = 0
grad_y.at<float>(0,359) = 0
grad_x.at<float>(0,359) = 0
grad_y.at<float>(0,360) = 0
grad_x.at<float>(0,360) = 0
grad_y.at<float>(0,361) = 0
grad_x.at<float>(0,361) = 0
grad_y.at<float>(0,362) = 0
grad_x.at<float>(0,362) = 0
grad_y.at<float>(0,363) = 0
grad_x.at<float>(0,363) = 0
grad_y.at<float>(0,364) = 0
grad_x.at<float>(0,364) = 0
grad_y.at<float>(0,365) = 0
grad_x.at<float>(0,365) = 0
grad_y.at<float>(0,366) = 0
grad_x.at<float>(0,366) = 0
grad_y.at<float>(0,367) = 0
grad_x.at<float>(0,367) = 0
grad_y.at<float>(0,368) = 0
grad_x.at<float>(0,368) = 0
grad_y.at<float>(0,369) = 0
grad_x.at<float>(0,369) = 0
grad_y.at<float>(0,370) = 0
grad_x.at<float>(0,370) = 0
grad_y.at<float>(0,371) = 0
grad_x.at<float>(0,371) = 0
grad_y.at<float>(0,372) = 0
grad_x.at<float>(0,372) = 0
grad_y.at<float>(0,373) = 0
grad_x.at<float>(0,373) = 0
grad_y.at<float>(0,374) = 0
grad_x.at<float>(0,374) = 0
grad_y.at<float>(0,375) = 0
grad_x.at<float>(0,375) = 0
grad_y.at<float>(0,376) = 0
grad_x.at<float>(0,376) = 0
grad_y.at<float>(0,377) = 0
grad_x.at<float>(0,377) = 0
grad_y.at<float>(0,378) = 0
grad_x.at<float>(0,378) = 0
grad_y.at<float>(0,379) = 0
grad_x.at<float>(0,379) = 0
grad_y.at<float>(0,380) = 0
grad_x.at<float>(0,380) = 0
grad_y.at<float>(0,381) = 0
grad_x.at<float>(0,381) = 0
grad_y.at<float>(0,382) = 0
grad_x.at<float>(0,382) = 0
grad_y.at<float>(0,383) = 0
grad_x.at<float>(0,383) = 0
grad_y.at<float>(0,384) = 0
grad_x.at<float>(0,384) = 0
grad_y.at<float>(0,385) = 0
grad_x.at<float>(0,385) = 0
grad_y.at<float>(0,386) = 0
grad_x.at<float>(0,386) = 0
grad_y.at<float>(0,387) = 0
grad_x.at<float>(0,387) = 0
grad_y.at<float>(0,388) = 0
grad_x.at<float>(0,388) = 0
grad_y.at<float>(0,389) = 0
grad_x.at<float>(0,389) = 0
grad_y.at<float>(0,390) = 0
grad_x.at<float>(0,390) = 0
grad_y.at<float>(0,391) = 0
grad_x.at<float>(0,391) = 0
grad_y.at<float>(0,392) = 0
grad_x.at<float>(0,392) = 0
grad_y.at<float>(0,393) = 0
grad_x.at<float>(0,393) = 0
grad_y.at<float>(0,394) = 0
grad_x.at<float>(0,394) = 0
grad_y.at<float>(0,395) = 0
grad_x.at<float>(0,395) = 0
grad_y.at<float>(0,396) = 0
grad_x.at<float>(0,396) = 0
grad_y.at<float>(0,397) = 0
grad_x.at<float>(0,397) = 0
grad_y.at<float>(0,398) = 0
grad_x.at<float>(0,398) = 0
grad_y.at<float>(0,399) = 0
grad_x.at<float>(0,399) = 0
grad_y.at<float>(0,400) = 0
grad_x.at<float>(0,400) = 0
grad_y.at<float>(0,401) = 0
grad_x.at<float>(0,401) = 0
grad_y.at<float>(0,402) = 0
grad_x.at<float>(0,402) = 0
grad_y.at<float>(0,403) = 0
grad_x.at<float>(0,403) = 0
grad_y.at<float>(0,404) = 0
grad_x.at<float>(0,404) = 0
grad_y.at<float>(0,405) = 0
grad_x.at<float>(0,405) = 0
grad_y.at<float>(0,406) = 0
grad_x.at<float>(0,406) = 0
grad_y.at<float>(0,407) = 0
grad_x.at<float>(0,407) = 0
grad_y.at<float>(0,408) = 0
grad_x.at<float>(0,408) = 0
grad_y.at<float>(0,409) = 0
grad_x.at<float>(0,409) = 0
grad_y.at<float>(0,410) = 0
grad_x.at<float>(0,410) = 0
grad_y.at<float>(0,411) = 0
grad_x.at<float>(0,411) = 0
grad_y.at<float>(0,412) = 0
grad_x.at<float>(0,412) = 0
grad_y.at<float>(0,413) = 0
grad_x.at<float>(0,413) = 0
grad_y.at<float>(0,414) = 0
grad_x.at<float>(0,414) = 0
grad_y.at<float>(0,415) = 0
grad_x.at<float>(0,415) = 0
grad_y.at<float>(0,416) = 0
grad_x.at<float>(0,416) = 0
grad_y.at<float>(0,417) = 0
grad_x.at<float>(0,417) = 0
grad_y.at<float>(0,418) = 0
grad_x.at<float>(0,418) = 0
grad_y.at<float>(0,419) = 0
grad_x.at<float>(0,419) = 0
grad_y.at<float>(0,420) = 0
grad_x.at<float>(0,420) = 0
grad_y.at<float>(0,421) = 0
grad_x.at<float>(0,421) = 0
grad_y.at<float>(0,422) = 0
grad_x.at<float>(0,422) = 0
grad_y.at<float>(0,423) = 0
grad_x.at<float>(0,423) = 0
grad_y.at<float>(0,424) = 0
grad_x.at<float>(0,424) = 0
grad_y.at<float>(0,425) = 0
grad_x.at<float>(0,425) = 0
grad_y.at<float>(0,426) = 0
grad_x.at<float>(0,426) = 0
grad_y.at<float>(0,427) = 0
grad_x.at<float>(0,427) = 0
grad_y.at<float>(0,428) = 0
grad_x.at<float>(0,428) = 0
grad_y.at<float>(0,429) = 0
grad_x.at<float>(0,429) = 0
grad_y.at<float>(0,430) = 0
grad_x.at<float>(0,430) = 0
grad_y.at<float>(0,431) = 0
grad_x.at<float>(0,431) = 0
grad_y.at<float>(0,432) = 0
grad_x.at<float>(0,432) = 0
grad_y.at<float>(0,433) = 0
grad_x.at<float>(0,433) = 0
grad_y.at<float>(0,434) = 0
grad_x.at<float>(0,434) = 0
grad_y.at<float>(0,435) = 0
grad_x.at<float>(0,435) = 0
grad_y.at<float>(0,436) = 0
grad_x.at<float>(0,436) = 0
grad_y.at<float>(0,437) = 0
grad_x.at<float>(0,437) = 0
grad_y.at<float>(0,438) = 0
grad_x.at<float>(0,438) = 0
grad_y.at<float>(0,439) = 0
grad_x.at<float>(0,439) = 0
grad_y.at<float>(0,440) = 0
grad_x.at<float>(0,440) = 0
grad_y.at<float>(0,441) = 0
grad_x.at<float>(0,441) = 0
grad_y.at<float>(0,442) = 0
grad_x.at<float>(0,442) = 0
grad_y.at<float>(0,443) = 0
grad_x.at<float>(0,443) = 0
grad_y.at<float>(0,444) = 0
grad_x.at<float>(0,444) = 0
grad_y.at<float>(0,445) = 0
grad_x.at<float>(0,445) = 0
grad_y.at<float>(0,446) = 0
grad_x.at<float>(0,446) = 0
grad_y.at<float>(0,447) = 0
grad_x.at<float>(0,447) = 0
grad_y.at<float>(0,448) = 0
grad_x.at<float>(0,448) = 0
grad_y.at<float>(0,449) = 0
grad_x.at<float>(0,449) = 0
grad_y.at<float>(0,450) = 0
grad_x.at<float>(0,450) = 0
grad_y.at<float>(0,451) = 0
grad_x.at<float>(0,451) = 0
grad_y.at<float>(0,452) = 0
grad_x.at<float>(0,452) = 0
grad_y.at<float>(0,453) = 0
grad_x.at<float>(0,453) = 0
grad_y.at<float>(0,454) = 0
grad_x.at<float>(0,454) = 0
grad_y.at<float>(0,455) = 0
grad_x.at<float>(0,455) = 0
grad_y.at<float>(0,456) = 0
grad_x.at<float>(0,456) = 0
grad_y.at<float>(0,457) = 0
grad_x.at<float>(0,457) = 0
grad_y.at<float>(0,458) = 0
grad_x.at<float>(0,458) = 0
grad_y.at<float>(0,459) = 0
grad_x.at<float>(0,459) = 0
grad_y.at<float>(0,460) = 0
grad_x.at<float>(0,460) = 0
grad_y.at<float>(0,461) = 0
grad_x.at<float>(0,461) = 0
grad_y.at<float>(0,462) = 0
grad_x.at<float>(0,462) = 0
grad_y.at<float>(0,463) = 0
grad_x.at<float>(0,463) = 0
grad_y.at<float>(0,464) = 0
grad_x.at<float>(0,464) = 0
grad_y.at<float>(0,465) = 0
grad_x.at<float>(0,465) = 0
grad_y.at<float>(0,466) = 0
grad_x.at<float>(0,466) = 0
grad_y.at<float>(0,467) = 0
grad_x.at<float>(0,467) = 0
grad_y.at<float>(0,468) = 0
grad_x.at<float>(0,468) = 0
grad_y.at<float>(0,469) = 0
grad_x.at<float>(0,469) = 0
grad_y.at<float>(0,470) = 0
grad_x.at<float>(0,470) = 0
grad_y.at<float>(0,471) = 0
grad_x.at<float>(0,471) = 0
grad_y.at<float>(0,472) = 0
grad_x.at<float>(0,472) = 0
grad_y.at<float>(0,473) = 0
grad_x.at<float>(0,473) = 0
grad_y.at<float>(0,474) = 0
grad_x.at<float>(0,474) = 0
grad_y.at<float>(0,475) = 0
grad_x.at<float>(0,475) = 0
grad_y.at<float>(0,476) = 0
grad_x.at<float>(0,476) = 0
grad_y.at<float>(0,477) = 0
grad_x.at<float>(0,477) = 0
grad_y.at<float>(0,478) = 0
grad_x.at<float>(0,478) = 0
grad_y.at<float>(0,479) = 0
grad_x.at<float>(0,479) = 0
grad_y.at<float>(0,480) = 0
grad_x.at<float>(0,480) = 0
grad_y.at<float>(0,481) = 0
grad_x.at<float>(0,481) = 0
grad_y.at<float>(0,482) = 0
grad_x.at<float>(0,482) = 0
grad_y.at<float>(0,483) = 0
grad_x.at<float>(0,483) = 0
grad_y.at<float>(0,484) = 0
grad_x.at<float>(0,484) = 0
grad_y.at<float>(0,485) = 0
grad_x.at<float>(0,485) = 0
grad_y.at<float>(0,486) = 0
grad_x.at<float>(0,486) = 0
grad_y.at<float>(0,487) = 0
grad_x.at<float>(0,487) = 0
grad_y.at<float>(0,488) = 0
grad_x.at<float>(0,488) = 0
grad_y.at<float>(0,489) = 0
grad_x.at<float>(0,489) = 0
grad_y.at<float>(0,490) = 0
grad_x.at<float>(0,490) = 0
grad_y.at<float>(0,491) = 0
grad_x.at<float>(0,491) = 0
grad_y.at<float>(0,492) = 0
grad_x.at<float>(0,492) = 0
grad_y.at<float>(0,493) = 0
grad_x.at<float>(0,493) = 0
grad_y.at<float>(0,494) = 0
grad_x.at<float>(0,494) = 0
grad_y.at<float>(0,495) = 0
grad_x.at<float>(0,495) = 0
grad_y.at<float>(0,496) = 0
grad_x.at<float>(0,496) = 0
grad_y.at<float>(0,497) = 0
grad_x.at<float>(0,497) = 0
grad_y.at<float>(0,498) = 0
grad_x.at<float>(0,498) = 0
grad_y.at<float>(0,499) = 0
grad_x.at<float>(0,499) = 0
grad_y.at<float>(0,500) = 0
grad_x.at<float>(0,500) = 0
grad_y.at<float>(0,501) = 0
grad_x.at<float>(0,501) = 0
grad_y.at<float>(0,502) = 0
grad_x.at<float>(0,502) = 0
grad_y.at<float>(0,503) = 0
grad_x.at<float>(0,503) = 0
grad_y.at<float>(0,504) = 0
grad_x.at<float>(0,504) = 0
grad_y.at<float>(0,505) = 0
grad_x.at<float>(0,505) = 0
grad_y.at<float>(0,506) = 0
grad_x.at<float>(0,506) = 0
grad_y.at<float>(0,507) = 0
grad_x.at<float>(0,507) = 0
grad_y.at<float>(0,508) = 0
grad_x.at<float>(0,508) = 0
grad_y.at<float>(0,509) = 0
grad_x.at<float>(0,509) = 0
grad_y.at<float>(0,510) = 0
grad_x.at<float>(0,510) = 0
grad_y.at<float>(0,511) = 0
grad_x.at<float>(0,511) = 0
grad_y.at<float>(0,512) = 0
grad_x.at<float>(0,512) = 0
grad_y.at<float>(0,513) = 0
grad_x.at<float>(0,513) = 0
grad_y.at<float>(0,514) = 0
grad_x.at<float>(0,514) = 0
grad_y.at<float>(0,515) = 0
grad_x.at<float>(0,515) = 0
grad_y.at<float>(0,516) = 0
grad_x.at<float>(0,516) = 0
grad_y.at<float>(0,517) = 0
grad_x.at<float>(0,517) = 0
grad_y.at<float>(0,518) = 0
grad_x.at<float>(0,518) = 0
grad_y.at<float>(0,519) = 0
grad_x.at<float>(0,519) = 0
grad_y.at<float>(0,520) = 0
grad_x.at<float>(0,520) = 0
grad_y.at<float>(0,521) = 0
grad_x.at<float>(0,521) = 0
grad_y.at<float>(0,522) = 0
grad_x.at<float>(0,522) = 0
grad_y.at<float>(0,523) = 0
grad_x.at<float>(0,523) = 0
grad_y.at<float>(0,524) = 0
grad_x.at<float>(0,524) = 0
grad_y.at<float>(0,525) = 0
grad_x.at<float>(0,525) = 0
grad_y.at<float>(0,526) = 0
grad_x.at<float>(0,526) = 0
grad_y.at<float>(0,527) = 0
grad_x.at<float>(0,527) = 0
grad_y.at<float>(0,528) = 0
grad_x.at<float>(0,528) = 0
grad_y.at<float>(0,529) = 0
grad_x.at<float>(0,529) = 0
grad_y.at<float>(0,530) = 0
grad_x.at<float>(0,530) = 0
grad_y.at<float>(0,531) = 0
grad_x.at<float>(0,531) = 0
grad_y.at<float>(0,532) = 0
grad_x.at<float>(0,532) = 0
grad_y.at<float>(0,533) = 0
grad_x.at<float>(0,533) = 0
grad_y.at<float>(0,534) = 0
grad_x.at<float>(0,534) = 0
grad_y.at<float>(0,535) = 0
grad_x.at<float>(0,535) = 0
grad_y.at<float>(0,536) = 0
grad_x.at<float>(0,536) = 0
grad_y.at<float>(0,537) = 0
grad_x.at<float>(0,537) = 0
grad_y.at<float>(0,538) = 0
grad_x.at<float>(0,538) = 0
grad_y.at<float>(0,539) = 0
grad_x.at<float>(0,539) = 0
grad_y.at<float>(0,540) = 0
grad_x.at<float>(0,540) = 0
grad_y.at<float>(0,541) = 0
grad_x.at<float>(0,541) = 0
grad_y.at<float>(0,542) = 0
grad_x.at<float>(0,542) = 0
grad_y.at<float>(0,543) = 0
grad_x.at<float>(0,543) = 0
grad_y.at<float>(0,544) = 0
grad_x.at<float>(0,544) = 0
grad_y.at<float>(0,545) = 0
grad_x.at<float>(0,545) = 0
grad_y.at<float>(0,546) = 0
grad_x.at<float>(0,546) = 0
grad_y.at<float>(0,547) = 0
grad_x.at<float>(0,547) = 0
grad_y.at<float>(0,548) = 0
grad_x.at<float>(0,548) = 0
grad_y.at<float>(0,549) = 0
grad_x.at<float>(0,549) = 0
grad_y.at<float>(0,550) = 0
grad_x.at<float>(0,550) = 0
grad_y.at<float>(0,551) = 0
grad_x.at<float>(0,551) = 0
grad_y.at<float>(0,552) = 0
grad_x.at<float>(0,552) = 0
grad_y.at<float>(0,553) = 0
grad_x.at<float>(0,553) = 0
grad_y.at<float>(0,554) = 0
grad_x.at<float>(0,554) = 0
grad_y.at<float>(0,555) = 0
grad_x.at<float>(0,555) = 0
grad_y.at<float>(0,556) = 0
grad_x.at<float>(0,556) = 0
grad_y.at<float>(0,557) = 0
grad_x.at<float>(0,557) = 0
grad_y.at<float>(0,558) = 0
grad_x.at<float>(0,558) = 0
grad_y.at<float>(0,559) = 0
grad_x.at<float>(0,559) = 0
grad_y.at<float>(0,560) = 0
grad_x.at<float>(0,560) = 0
grad_y.at<float>(0,561) = 0
grad_x.at<float>(0,561) = 0
grad_y.at<float>(0,562) = 0
grad_x.at<float>(0,562) = 0
grad_y.at<float>(0,563) = 0
grad_x.at<float>(0,563) = 0
grad_y.at<float>(0,564) = 0
grad_x.at<float>(0,564) = 0
grad_y.at<float>(0,565) = 0
grad_x.at<float>(0,565) = 0
grad_y.at<float>(0,566) = 0
grad_x.at<float>(0,566) = 0
grad_y.at<float>(0,567) = 0
grad_x.at<float>(0,567) = 0
grad_y.at<float>(0,568) = 0
grad_x.at<float>(0,568) = 0
grad_y.at<float>(0,569) = 0
grad_x.at<float>(0,569) = 0
grad_y.at<float>(0,570) = 0
grad_x.at<float>(0,570) = 0
grad_y.at<float>(0,571) = 0
grad_x.at<float>(0,571) = 0
grad_y.at<float>(0,572) = 0
grad_x.at<float>(0,572) = 0
grad_y.at<float>(0,573) = 0
grad_x.at<float>(0,573) = 0
grad_y.at<float>(0,574) = 0
grad_x.at<float>(0,574) = 0
grad_y.at<float>(0,575) = 0
grad_x.at<float>(0,575) = 0
grad_y.at<float>(0,576) = 0
grad_x.at<float>(0,576) = 0
grad_y.at<float>(0,577) = 0
grad_x.at<float>(0,577) = 0
grad_y.at<float>(0,578) = 0
grad_x.at<float>(0,578) = 0
grad_y.at<float>(0,579) = 0
grad_x.at<float>(0,579) = 0
grad_y.at<float>(0,580) = 0
grad_x.at<float>(0,580) = 0
grad_y.at<float>(0,581) = 0
grad_x.at<float>(0,581) = 0
grad_y.at<float>(0,582) = 0
grad_x.at<float>(0,582) = 0
grad_y.at<float>(0,583) = 0
grad_x.at<float>(0,583) = 0
